,target_URL,score,keywords,comment_avg
0,https://item.jd.com/10029054124103.html,96%,"倍感舒适(2)/
方便快捷(1)/
声音清亮(1)/
美观大方(1)/
简洁大方(1)/
做工一流(1)/",0.73526661
1,https://item.jd.com/100016110192.html,94%,"佩戴舒适(167)/
十分舒服(123)/
做工精细(117)/
质感一流(104)/
音质清晰(65)/
颜值够高(65)/
十分好用(57)/
极其好用(52)/
音质俱佳(41)/
反应灵敏(24)/
灵敏度强(21)/
颜色好看(18)/",0.70903707
2,https://item.jd.com/100036200024.html,93%,"佩戴舒适(298)/
十分舒服(267)/
简单方便(192)/
做工精细(168)/
音质清晰(146)/
十分好用(100)/
极其好用(94)/
不伤耳朵(94)/
声音清晰(59)/
蓝牙连接快(11)/
颜色纯正(4)/
工艺优良(3)/",0.7240489
3,https://item.jd.com/100007876272.html,93%,"佩戴舒适(57)/
十分舒服(48)/
简单方便(46)/
音质清晰(39)/
十分好用(28)/
毫无杂音(26)/
做工精细(23)/
音质俱佳(17)/
不易掉落(17)/
蓝牙连接快(5)/
连接稳定(5)/
颜色纯正(4)/",0.711420579
4,https://item.jd.com/10039608659030.html,93%,"十分舒服(22)/
佩戴舒适(16)/
音质清晰(15)/
十分好用(13)/
毫无杂音(10)/
不易掉落(9)/
声音清晰(8)/
做工精细(6)/
毫无延迟(6)/
颜色好看(4)/
颜色纯正(3)/
简单方便(3)/",0.699798221
5,https://item.jd.com/10028091731468.html,95%,"倍感舒适(47)/
十分大气(23)/
声音清亮(18)/
做工一流(17)/
质量上乘(10)/
运行超快(6)/
方便快捷(6)/
十分酷炫(5)/
毫无异味(4)/
灵敏顺畅(2)/
定位精确(2)/",0.710695682
6,https://item.jd.com/100006140298.html,92%,"十分舒服(3)/
使用良好(3)/
颜色好看(1)/
颜色不错(1)/
简单方便(1)/
使用舒适(1)/
声音悦耳(1)/
做工精细(1)/
小巧轻便(1)/
入耳舒服(1)/
颜值够高(1)/",0.704060226
7,https://item.jd.com/100024212883.html,94%,"十分舒服(174)/
佩戴舒适(160)/
颜值够高(153)/
十分漂亮(121)/
做工精细(115)/
颜色好看(94)/
简单方便(79)/
音质清晰(70)/
十分好看(70)/
颜色漂亮(55)/
毫无杂音(49)/
颜色不错(27)/",0.703863877
8,https://item.jd.com/100029340915.html,95%,"佩戴舒适(30)/
十分舒服(24)/
音质清晰(22)/
简单方便(21)/
通话清晰(12)/
声音清晰(12)/
毫无杂音(11)/
做工精细(10)/
十分漂亮(10)/
信号稳定(8)/
连接迅速(4)/
蓝牙稳定(2)/",0.719209472
9,https://item.jd.com/100038791123.html,94%,"佩戴舒适(33)/
十分舒服(25)/
小巧精致(16)/
做工精细(14)/
颜值够高(14)/
十分漂亮(12)/
音质俱佳(10)/
体感舒适(7)/
低音强劲(6)/
毫无延迟(3)/
灵敏度强(2)/
连接迅速(2)/",0.718316879
10,nan,,,0.718316879
11,https://item.jd.com/11959659715.html,96%,"佩戴舒适(11)/
十分舒服(8)/
做工精细(5)/
极其好用(5)/
音质清晰(4)/
使用良好(2)/
结实耐用(2)/
低音强劲(2)/
简单大气(1)/",0.719588277
12,https://item.jd.com/100032619412.html,93%,"佩戴舒适(4)/
音质清晰(4)/
毫无杂音(4)/
音质俱佳(3)/
简单方便(2)/
做工精细(2)/
颜色好看(1)/
十分好用(1)/
颜色靓丽(1)/
十分舒服(1)/
颜值够高(1)/",0.721710848
13,https://item.jd.com/10027146372999.html,93%,"十分舒服(22)/
音质清晰(17)/
声音清晰(15)/
佩戴舒适(14)/
十分好用(13)/
极其好用(13)/
毫无杂音(11)/
简单方便(9)/
做工精细(9)/
颜色大气(1)/
毫无延迟(1)/
兼容性强(1)/",0.713028919
14,https://item.jd.com/100014488266.html,96%,"十分舒服(130)/
佩戴舒适(122)/
做工精细(42)/
简单方便(36)/
世界清净(35)/
降噪极佳(35)/
不易夹耳(19)/
音质俱佳(19)/
十分好用(17)/
连接稳定(4)/
蓝牙连接快(3)/
传输稳定(2)/",0.71897732
15,https://item.jd.com/100023808391.html,98%,"佩戴舒适(35)/
音质清晰(31)/
十分舒服(25)/
做工精细(19)/
外观漂亮(9)/
毫无杂音(6)/
声音清晰(5)/
材质优良(3)/
款式好看(3)/
颜色好看(2)/
灵敏度强(2)/
颜色鲜艳(1)/",0.712596404
16,https://item.jd.com/100018094246.html,92%,"十分舒服(59)/
佩戴舒适(55)/
简单方便(50)/
音质清晰(39)/
做工精细(38)/
十分好用(31)/
毫无杂音(28)/
极其好用(26)/
颜值够高(26)/
连接迅速(7)/
反应灵敏(6)/
灵敏度强(6)/",0.703301159
17,https://item.jd.com/629797.html,96%,"佩戴舒适(29)/
音质清晰(23)/
声音清晰(18)/
不易夹耳(14)/
十分好用(14)/
十分舒服(14)/
不夹耳朵(13)/
简单方便(10)/
做工精细(7)/
灵敏度强(2)/
颜色好看(1)/
颜色纯正(1)/",0.708187416
18,https://item.jd.com/5309713.html,97%,"十分舒服(40)/
佩戴舒适(33)/
音质俱佳(12)/
音质清晰(11)/
简单方便(9)/
极其好用(6)/
毫无杂音(6)/
耳朵不疼(5)/
做工精细(4)/
颜色好看(1)/
毫无延迟(1)/
颜色靓丽(1)/",0.705126376
19,https://item.jd.com/100008238255.html,97%,"简单方便(136)/
十分舒服(105)/
佩戴舒适(102)/
降噪极佳(80)/
做工精细(74)/
十分好用(47)/
音质清晰(36)/
毫无杂音(34)/
极其好用(33)/
连接迅速(5)/
蓝牙连接快(4)/
连接稳定(4)/",0.705202
20,https://item.jd.com/3842099.html,97%,"佩戴舒适(17)/
十分舒服(17)/
颜值够高(11)/
耳朵不疼(6)/
极其好用(6)/
音质清晰(5)/
简单方便(5)/
做工精细(5)/
十分漂亮(5)/
颜色纯正(3)/
反应灵敏(1)/",0.705772699
21,https://item.jd.com/100013466567.html,92%,"十分舒服(55)/
佩戴舒适(50)/
十分好用(20)/
音质清晰(16)/
简单方便(16)/
颜值够高(13)/
声音清晰(11)/
做工精细(10)/
耳朵舒服(10)/
灵敏度强(3)/
颜色纯正(2)/
运行顺畅(1)/",0.704461059
22,https://item.jd.com/100041628229.html,93%,"十分舒服(5)/
毫无杂音(4)/
颜值够高(4)/
做工精细(3)/
声音响亮(3)/
科技感强(3)/
十分漂亮(3)/
无不适感(3)/
毫无延迟(2)/
携带方便(2)/
毫无卡顿(1)/
连接迅速(1)/",0.708847501
23,https://item.jd.com/37493320169.html,95%,"佩戴舒适(7)/
十分舒服(6)/
质感一流(5)/
柔软舒服(5)/
音质清晰(4)/
做工精细(4)/
十分漂亮(3)/
音质俱佳(2)/
低音强劲(2)/
系统稳定(1)/
颜色漂亮(1)/",0.70928569
24,https://item.jd.com/100009900897.html,91%,"十分舒服(17)/
佩戴舒适(11)/
简单方便(8)/
音质俱佳(8)/
做工精细(7)/
十分好用(6)/
极其好用(6)/
毫无杂音(6)/
音质清晰(5)/
颜色纯正(2)/
细节完美(1)/",0.704727674
25,https://item.jd.com/100029915172.html,93%,"佩戴舒适(56)/
十分舒服(40)/
降噪极佳(29)/
做工精细(28)/
质感一流(28)/
音质俱佳(13)/
低音强劲(13)/
牢固稳当(12)/
音质清晰(10)/
灵敏度强(5)/
蓝牙连接快(4)/
连接稳定(4)/",0.705232903
26,https://item.jd.com/100013046925.html,93%,"十分舒服(27)/
佩戴舒适(16)/
简单方便(9)/
不压耳朵(8)/
不易压耳(8)/
十分好用(5)/
音质纯正(3)/
极其好用(2)/
毫无卡顿(1)/
做工精细(1)/",0.703228264
27,https://item.jd.com/10041325066019.html,95%,"佩戴舒适(4)/
高端大气(3)/
十分舒服(3)/
通话清晰(2)/
音质清晰(2)/
做工精细(2)/
戴感舒适(2)/
牢固稳当(2)/
结实耐用(2)/
蓝牙连接快(1)/
不会断续(1)/",0.704321222
28,https://item.jd.com/435765.html,92%,"做工精细(6)/
十分舒服(6)/
高端上档次(4)/
十分漂亮(4)/
佩戴舒适(3)/
音质清晰(3)/
十分好用(3)/
白色好看(2)/
面料舒适(2)/
穿戴舒服(2)/",0.704367961
29,https://item.jd.com/10026139986303.html,95%,"倍感舒适(62)/
声音清亮(30)/
做工一流(22)/
时尚大气(10)/
方便快捷(9)/
简洁大方(9)/
质量上乘(5)/
运行超快(5)/
灵敏度佳(3)/
手感十足(2)/
结实耐用(2)/",0.708609929
30,https://item.jd.com/100020209714.html,94%,"十分舒服(8)/
佩戴舒适(7)/
做工精细(5)/
简单方便(3)/
极其好用(3)/
十分漂亮(3)/
颜值够高(3)/
毫无延迟(2)/
声音清晰(2)/
柔软舒服(2)/
颜色酷炫(1)/",0.713919227
31,https://item.jd.com/100030149163.html,94%,"十分舒服(26)/
佩戴舒适(23)/
做工精细(17)/
十分漂亮(15)/
颜值够高(14)/
简单方便(12)/
音质清晰(10)/
十分好看(10)/
十分好用(9)/
颜色纯正(2)/
蓝牙连接快(2)/
反应灵敏(2)/",0.715517748
32,https://item.jd.com/100004492398.html,97%,"音质清晰(74)/
十分舒服(71)/
佩戴舒适(59)/
极其好用(58)/
十分好用(56)/
毫无杂音(48)/
做工精细(45)/
声音清晰(45)/
反应灵敏(40)/
质感一流(37)/
运行飞快(12)/
运行顺畅(7)/",0.71636144
33,https://item.jd.com/100034468527.html,92%,"佩戴舒适(40)/
十分舒服(31)/
降噪极佳(13)/
质感一流(11)/
音质俱佳(9)/
做工精细(8)/
牢固稳当(8)/
十分好用(6)/
不易掉落(6)/
连接稳定(2)/
反应灵敏(2)/
蓝牙稳定(1)/",0.714416725
34,https://item.jd.com/100007656036.html,93%,"十分舒服(15)/
佩戴舒适(13)/
简单方便(11)/
做工精细(10)/
颜值够高(9)/
音质俱佳(5)/
十分漂亮(5)/
不易掉落(5)/
音效极佳(3)/
颜色纯正(1)/
颜色漂亮(1)/
毫无延迟(1)/",0.715920621
35,https://item.jd.com/100008940244.html,94%,"佩戴舒适(13)/
十分舒服(9)/
音质清晰(7)/
不易夹耳(4)/
不夹耳朵(4)/
声音清晰(4)/
简单方便(2)/
十分好用(2)/
做工精细(1)/",0.714779314
36,https://item.jd.com/100025230071.html,98%,"音质清晰(7)/
声音清晰(6)/
高端大气(5)/
佩戴舒适(4)/
做工精细(3)/
十分好用(3)/
黑色高端(2)/
毫无卡顿(1)/
不卡耳朵(1)/
黑色耐脏(1)/
牢固稳当(1)/
设计合理(1)/",0.717210668
37,https://item.jd.com/100028334088.html,88%,"十分舒服(18)/
简单方便(16)/
佩戴舒适(15)/
音质清晰(10)/
做工精细(10)/
音质俱佳(7)/
声音清晰(7)/
毫无杂音(7)/
十分漂亮(4)/
颜色耐看(1)/
兼容性强(1)/",0.717163339
38,https://item.jd.com/100030308850.html,85%,"简单方便(23)/
十分舒服(21)/
音质清晰(17)/
佩戴舒适(13)/
做工精细(10)/
声音清晰(10)/
毫无杂音(9)/
耳朵不痛(6)/
极其好用(5)/
颜色好看(2)/
灵敏度强(2)/
毫无色差(2)/",0.714799
39,https://item.jd.com/70664182616.html,94%,"佩戴舒适(2)/
音质俱佳(2)/
毫无杂音(2)/
牢固稳当(2)/
佩戴牢固(1)/
音效优良(1)/
美观时尚(1)/
十分漂亮(1)/",0.71345626
40,https://item.jd.com/100030025814.html,96%,"十分舒服(61)/
佩戴舒适(56)/
音质清晰(51)/
简单方便(41)/
声音清晰(24)/
做工精细(22)/
十分好用(20)/
耳朵不疼(18)/
毫无杂音(14)/
蓝牙连接快(4)/
连接稳定(4)/
灵敏度强(4)/",0.713290891
41,https://item.jd.com/100011258801.html,92%,"做工精细(55)/
佩戴舒适(41)/
音质清晰(40)/
十分舒服(36)/
简单方便(19)/
毫无杂音(16)/
声音清晰(15)/
颜值够高(10)/
外观漂亮(9)/
颜色好看(1)/
没有差色(1)/
毫无色差(1)/",0.715038976
42,https://item.jd.com/19745835989.html,97%,"十分舒服(45)/
佩戴舒适(37)/
十分漂亮(33)/
音质俱佳(20)/
做工精细(16)/
音质清晰(14)/
声音清晰(13)/
外观漂亮(11)/
简单方便(10)/
黑色酷炫(4)/
颜色好看(3)/
颜色纯正(3)/",0.715417618
43,https://item.jd.com/100041983773.html,96%,"佩戴舒适(18)/
十分舒服(16)/
十分漂亮(9)/
颜值够高(7)/
外观精致(6)/
做工精细(5)/
牢固稳当(5)/
十分好看(4)/
不易掉落(4)/
颜色漂亮(2)/
毫无延迟(1)/
连接顺畅(1)/",0.71606475
44,https://item.jd.com/100036662407.html,95%,"不压耳朵(1)/
十分轻便(1)/
音质俱佳(1)/
外观漂亮(1)/
简洁大方(1)/
十分漂亮(1)/",0.716188602
45,https://item.jd.com/10060815880110.html,93%,"音质清晰(140)/
佩戴舒适(96)/
十分舒服(86)/
毫无杂音(73)/
做工精细(66)/
简单方便(31)/
十分好用(26)/
声音清晰(25)/
外观漂亮(23)/
毫无延迟(7)/
白色简洁(3)/
颜色好看(2)/",0.719355282
46,https://item.jd.com/28897341696.html,91%,"耳朵不疼(1)/
极其好用(1)/
音质俱佳(1)/",0.71508712
47,https://item.jd.com/10028689161841.html,90%,"音质俱佳(3)/
做工精细(1)/
十分好用(1)/
外观精美(1)/",0.711126546
48,https://item.jd.com/100038420704.html,97%,"佩戴舒适(3)/
简单方便(3)/
音质清晰(3)/
十分舒服(3)/
耳朵不疼(2)/
做工精细(2)/
耳朵舒服(2)/
十分好用(2)/
声音悦耳(1)/
信号稳定(1)/",0.710448805
49,https://item.jd.com/5854037.html,97%,"倍感舒适(3)/
质量上乘(1)/
十分大气(1)/
游戏性能强(1)/
体积够大(1)/
声音清亮(1)/
灵活敏捷(1)/
炫酷十足(1)/",0.70944676
50,https://item.jd.com/100033982159.html,96%,"十分舒服(71)/
佩戴舒适(55)/
简单方便(52)/
音质清晰(50)/
做工精细(40)/
颜值够高(37)/
十分漂亮(34)/
毫无杂音(33)/
音质俱佳(19)/
颜色好看(17)/
毫无延迟(11)/
灵敏度强(9)/",0.71034299
51,https://item.jd.com/100018814063.html,91%,"佩戴舒适(6)/
十分舒服(5)/
十分好用(3)/
音质清晰(2)/
外观好看(2)/
做工精细(2)/
十分漂亮(2)/
结实耐用(2)/
毫无延迟(1)/
外观精美(1)/",0.708934884
52,https://item.jd.com/100009385703.html,94%,"简单方便(7)/
做工精细(7)/
十分舒服(7)/
佩戴舒适(6)/
颜色好看(4)/
低音强劲(4)/
十分好用(2)/
音质俱佳(2)/
声音清晰(2)/
牢固稳当(2)/
蓝牙连接快(1)/
颜色漂亮(1)/",0.710139298
53,https://item.jd.com/100023650706.html,92%,"十分舒服(90)/
佩戴舒适(61)/
颜值够高(51)/
质感一流(49)/
做工精细(35)/
音质俱佳(28)/
降噪极佳(20)/
十分漂亮(16)/
音质清晰(15)/
连接迅速(6)/
颜色漂亮(5)/
毫无延迟(5)/",0.711093057
54,https://item.jd.com/100003748954.html,94%,"十分舒服(63)/
十分漂亮(58)/
简单方便(50)/
佩戴舒适(46)/
十分好用(35)/
做工精细(31)/
颜值够高(25)/
极其好用(24)/
音质俱佳(24)/
颜色好看(18)/
颜色漂亮(15)/
颜色纯正(14)/",0.71181761
55,https://item.jd.com/100024040641.html,95%,"佩戴舒适(40)/
十分舒服(27)/
做工精细(20)/
简单方便(19)/
降噪极佳(15)/
音质俱佳(10)/
使用良好(10)/
音质清晰(9)/
十分好用(9)/
灵敏度强(4)/
反应灵敏(3)/
连接迅速(2)/",0.711342373
56,https://item.jd.com/10041325120889.html,99%,"佩戴舒适(129)/
音质清晰(119)/
十分舒服(108)/
颜值够高(56)/
做工精细(43)/
简单方便(41)/
十分漂亮(33)/
声音清晰(32)/
毫无杂音(27)/
颜色好看(16)/
颜色纯正(9)/
颜色漂亮(9)/",0.711408919
57,https://item.jd.com/19745835988.html,95%,"十分舒服(24)/
佩戴舒适(17)/
不易夹耳(13)/
颜值够高(12)/
音质清晰(11)/
音质俱佳(7)/
携带方便(7)/
外观漂亮(5)/
颜色好看(1)/
做工精细(1)/
信号强大(1)/
颜色大方(1)/",0.710549215
58,https://item.jd.com/100042056479.html,96%,"十分舒服(20)/
音质清晰(17)/
佩戴舒适(13)/
小巧精致(12)/
毫无杂音(10)/
做工精细(9)/
小巧便携(6)/
十分漂亮(6)/
颜值够高(6)/
信号稳定(1)/
信号强大(1)/
连接迅速(1)/",0.713064237
59,https://item.jd.com/10030777889024.html,95%,"简单方便(66)/
音质清晰(54)/
十分舒服(47)/
毫无杂音(46)/
佩戴舒适(44)/
做工精细(42)/
十分好用(32)/
极其好用(28)/
声音清晰(19)/
反应灵敏(17)/
触控灵敏(7)/
灵敏度强(7)/",0.711265978
60,https://item.jd.com/100030368006.html,95%,"十分舒服(2)/
不易打结(1)/
颜色好看(1)/
简单方便(1)/
毫无杂音(1)/
听声精准(1)/
颜值够高(1)/",0.710767872
61,https://item.jd.com/100026815932.html,96%,"十分舒服(3)/
佩戴舒适(1)/
简单方便(1)/
音质清晰(1)/
十分好用(1)/
声音清晰(1)/
十分漂亮(1)/
结实耐用(1)/",0.709038247
62,https://item.jd.com/100043414689.html,92%,"佩戴舒适(82)/
十分舒服(68)/
做工精细(32)/
质感一流(25)/
音质清晰(17)/
降噪极佳(16)/
颜值够高(16)/
十分漂亮(15)/
音质俱佳(14)/
蓝牙连接快(5)/
灵敏度强(5)/
白色显干净(5)/",0.710656855
63,https://item.jd.com/100019190911.html,97%,"十分舒服(152)/
佩戴舒适(107)/
做工精细(73)/
音质清晰(67)/
毫无杂音(65)/
简单方便(53)/
声音清晰(41)/
十分漂亮(38)/
颜值够高(34)/
毫无延迟(21)/
灵敏度强(7)/
毫无卡顿(6)/",0.709479887
64,https://item.jd.com/5393600.html,96%,"足够使用(5)/
十分舒服(5)/
做工精细(4)/
结实耐用(4)/
佩戴舒适(3)/
音质清晰(3)/
极其好用(3)/
线长适宜(3)/
颜值够高(2)/",0.708878342
65,https://item.jd.com/100033112524.html,96%,"十分舒服(9)/
佩戴舒适(7)/
外观时尚(4)/
隔音一流(3)/
颜值够高(3)/
不易夹耳(2)/
做工精细(2)/
不夹耳朵(2)/
实物美丽(2)/
色彩明亮(1)/",0.708952822
66,https://item.jd.com/100032390901.html,98%,"十分舒服(411)/
佩戴舒适(339)/
做工精细(223)/
音质清晰(153)/
简单方便(149)/
颜值够高(124)/
十分漂亮(122)/
十分好用(93)/
毫无杂音(82)/
灵敏度强(35)/
毫无延迟(24)/
连接迅速(24)/",0.709549908
67,https://item.jd.com/100011654224.html,93%,"十分舒服(453)/
佩戴舒适(384)/
音质清晰(282)/
简单方便(239)/
做工精细(215)/
声音清晰(91)/
毫无杂音(89)/
牢固稳当(79)/
蓝牙连接快(66)/
颜值够高(65)/
信号稳定(58)/
反应灵敏(53)/",0.711204253
68,https://item.jd.com/100017175324.html,93%,"音质清晰(6)/
做工精细(6)/
极其好用(5)/
十分好用(4)/
十分舒服(4)/
佩戴舒适(3)/
简单方便(3)/
结实耐用(3)/
十分漂亮(2)/",0.711301411
69,https://item.jd.com/100028998129.html,94%,"佩戴舒适(63)/
十分舒服(53)/
做工精细(37)/
毫无杂音(35)/
简单方便(34)/
音质清晰(29)/
声音清晰(18)/
耳朵不痛(12)/
十分好用(10)/
蓝牙连接快(3)/
灵敏度强(3)/
触控灵敏(2)/",0.711520053
0,https://item.jd.com/4071814.html,98%,"十分舒服(124)/
佩戴舒适(94)/
质感一流(94)/
做工精细(78)/
十分好用(53)/
音质清晰(47)/
音质俱佳(43)/
颜值够高(42)/
极其好用(40)/
毫无延迟(3)/
可调节音量(2)/
印刷清晰(1)/",0.718036833
1,https://item.jd.com/10032573727362.html,93%,"佩戴舒适(563)/
音质清晰(505)/
十分舒服(424)/
做工精细(411)/
简单方便(362)/
毫无杂音(309)/
十分好用(160)/
声音清晰(157)/
十分漂亮(138)/
反应灵敏(108)/
灵敏度强(60)/
毫无延迟(36)/",0.705822493
2,https://item.jd.com/100013627915.html,94%,"十分舒服(239)/
佩戴舒适(186)/
做工精细(116)/
简单方便(115)/
十分好用(102)/
极其好用(102)/
颜值够高(83)/
音质清晰(82)/
毫无杂音(72)/
毫无延迟(36)/
灵敏度强(20)/
连接稳定(16)/",0.72732934
3,https://item.jd.com/100026831753.html,96%,"十分舒服(321)/
佩戴舒适(243)/
做工精细(166)/
毫无杂音(165)/
音质清晰(155)/
简单方便(108)/
声音清晰(72)/
十分好用(71)/
极其好用(57)/
毫无延迟(35)/
灵敏度强(29)/
反应灵敏(13)/",0.753435712
4,https://item.jd.com/100033982159.html,96%,"十分舒服(71)/
佩戴舒适(55)/
简单方便(52)/
音质清晰(50)/
做工精细(40)/
颜值够高(37)/
十分漂亮(34)/
毫无杂音(33)/
音质俱佳(19)/
颜色好看(17)/
毫无延迟(11)/
灵敏度强(9)/",0.757620333
5,https://item.jd.com/100018625698.html,92%,"十分舒服(463)/
佩戴舒适(425)/
做工精细(259)/
降噪极佳(252)/
十分好用(211)/
简单方便(162)/
极其好用(134)/
音质清晰(133)/
十分漂亮(127)/
反应灵敏(58)/
灵敏度强(36)/
蓝牙连接快(28)/",0.754459192
6,https://item.jd.com/100026201409.html,97%,"十分舒服(27)/
佩戴舒适(24)/
简单方便(22)/
毫无杂音(20)/
做工精细(18)/
音质清晰(15)/
十分漂亮(13)/
外观漂亮(9)/
颜值够高(8)/
毫无延迟(5)/
颜色好看(2)/
颜色不错(2)/",0.757707293
7,https://item.jd.com/35098014522.html,97%,"音质清晰(103)/
毫无杂音(102)/
十分舒服(83)/
佩戴舒适(58)/
十分好用(55)/
做工精细(47)/
极其好用(45)/
声音清晰(40)/
简单方便(30)/
颜色纯正(10)/
不会断续(8)/
灵敏度强(3)/",0.748767048
8,https://item.jd.com/100018183712.html,94%,"倍感舒适(14)/
做工一流(10)/
声音清亮(6)/
简约时尚(4)/
毫不刺眼(4)/
时尚大气(4)/
通讯流畅(3)/
质量上乘(3)/
方便快捷(2)/
运行超快(1)/
按键灵敏(1)/",0.741583456
9,https://item.jd.com/100001696778.html,96%,"简单方便(89)/
十分舒服(83)/
佩戴舒适(82)/
做工精细(47)/
十分好用(37)/
音质清晰(28)/
毫无杂音(26)/
极其好用(21)/
不易掉落(21)/
蓝牙连接快(3)/
毫无延迟(3)/
连接迅速(3)/",0.742686253
10,nan,,,0.742686253
11,https://item.jd.com/100007689311.html,93%,"十分舒服(58)/
颜值够高(49)/
做工精细(39)/
佩戴舒适(38)/
十分漂亮(33)/
质感一流(22)/
十分好用(21)/
极其好用(17)/
音质清晰(16)/
颜色好看(13)/
毫无延迟(7)/
颜色漂亮(3)/",0.731999021
12,https://item.jd.com/100024920236.html,95%,"十分舒服(114)/
简单方便(110)/
佩戴舒适(85)/
音质清晰(82)/
做工精细(73)/
极其好用(52)/
十分好用(50)/
声音清晰(38)/
毫无杂音(36)/
蓝牙连接快(11)/
毫无延迟(9)/
灵敏度强(7)/",0.743382806
13,https://item.jd.com/100023051510.html,96%,"十分舒服(653)/
佩戴舒适(471)/
颜值够高(284)/
降噪极佳(127)/
不易夹耳(110)/
做工精细(107)/
简单方便(103)/
十分好看(103)/
十分漂亮(98)/
颜色好看(62)/
白色好看(19)/
毫无延迟(17)/",0.747459232
14,https://item.jd.com/100036200024.html,93%,"佩戴舒适(298)/
十分舒服(267)/
简单方便(192)/
做工精细(168)/
音质清晰(146)/
十分好用(100)/
极其好用(94)/
不伤耳朵(94)/
声音清晰(59)/
蓝牙连接快(11)/
颜色纯正(4)/
工艺优良(3)/",0.747952777
15,https://item.jd.com/7642983.html,96%,"佩戴舒适(22)/
十分舒服(22)/
做工精细(9)/
颜值够高(8)/
音质清晰(7)/
十分好用(7)/
音质俱佳(6)/
简单方便(5)/
入耳舒服(5)/
灵敏度强(1)/
黑色耐脏(1)/",0.750925845
16,https://item.jd.com/100025941462.html,91%,"佩戴舒适(779)/
音质清晰(722)/
十分舒服(636)/
做工精细(513)/
毫无杂音(332)/
外观漂亮(284)/
简单方便(232)/
十分漂亮(194)/
声音清晰(147)/
连接稳定(32)/
毫无延迟(32)/
灵敏度强(27)/",0.742615388
17,https://item.jd.com/100011932319.html,94%,"音质清晰(52)/
佩戴舒适(40)/
做工精细(34)/
十分舒服(28)/
简单方便(21)/
外观漂亮(20)/
毫无杂音(16)/
声音清晰(15)/
极其好用(11)/
颜色纯正(2)/
颜色好看(1)/
灵敏度强(1)/",0.744597489
18,https://item.jd.com/100017175326.html,94%,"音质清晰(14)/
十分舒服(14)/
佩戴舒适(12)/
做工精细(12)/
声音清晰(10)/
极其好用(8)/
简单方便(5)/
十分漂亮(5)/
十分好用(4)/
颜色纯正(1)/
毫无色差(1)/
圆润细腻(1)/",0.742897747
19,https://item.jd.com/100011217745.html,97%,"十分舒服(786)/
佩戴舒适(706)/
做工精细(480)/
简单方便(407)/
音质清晰(333)/
十分好用(259)/
十分漂亮(254)/
颜值够高(243)/
毫无杂音(200)/
连接迅速(145)/
毫无延迟(105)/
蓝牙连接快(59)/",0.742998959
20,https://item.jd.com/100041628215.html,93%,"十分舒服(47)/
佩戴舒适(25)/
颜值够高(16)/
做工精细(15)/
十分好用(10)/
十分漂亮(10)/
简单方便(7)/
不易夹耳(7)/
不夹耳朵(7)/
蓝牙连接快(6)/
颜色好看(4)/
白色好看(2)/",0.742184745
21,https://item.jd.com/55322420071.html,94%,"佩戴舒适(338)/
十分舒服(305)/
简单方便(185)/
音质清晰(162)/
做工精细(143)/
声音清晰(90)/
十分好用(85)/
不伤耳朵(84)/
极其好用(64)/
蓝牙连接快(6)/
连接稳定(6)/
传输稳定(6)/",0.738765302
22,https://item.jd.com/100025491296.html,96%,"声音清亮(192)/
倍感舒适(74)/
做工一流(34)/
十分大气(22)/
方便快捷(17)/
玩游戏首选(17)/
十分酷炫(15)/
质量上乘(14)/
简单方便(10)/
毫不刺眼(8)/
功能强大(6)/",0.735839555
23,https://item.jd.com/654218.html,95%,"佩戴舒适(35)/
音质清晰(30)/
声音清晰(18)/
十分舒服(15)/
做工精细(13)/
柔软舒服(11)/
毫无杂音(9)/
十分好用(8)/
简单方便(6)/
颜色纯正(1)/
颜色明亮(1)/
接收清晰(1)/",0.738409115
24,https://item.jd.com/100035300453.html,91%,"不压耳朵(6)/
十分舒服(6)/
简单方便(4)/
佩戴舒适(3)/
做工精细(3)/
不易压耳(3)/
耳朵舒服(2)/
极其好用(2)/
音质俱佳(2)/
毫无卡顿(1)/",0.731280232
25,https://item.jd.com/100015820013.html,95%,"音质清晰(210)/
佩戴舒适(199)/
十分舒服(170)/
做工精细(144)/
简单方便(114)/
十分好用(96)/
毫无杂音(90)/
结实耐用(84)/
音质俱佳(72)/
反应灵敏(30)/
连接稳定(7)/
颜色纯正(6)/",0.731131911
26,https://item.jd.com/20111367498.html,96%,"十分舒服(21)/
佩戴舒适(13)/
结实耐用(9)/
简单方便(8)/
音质清晰(5)/
做工精细(5)/
声音清晰(5)/
耳朵不疼(4)/
十分好用(4)/
连接稳定(2)/
颜色纯正(1)/",0.729235626
27,https://item.jd.com/100041879613.html,96%,"佩戴舒适(33)/
十分舒服(32)/
做工精细(24)/
简单方便(19)/
音质清晰(16)/
结实耐用(10)/
极其好用(9)/
音质俱佳(9)/
使用良好(9)/
毫无压力(2)/
毫无延迟(2)/
黑色有质感(2)/",0.732679929
28,https://item.jd.com/100041628231.html,94%,"十分舒服(6)/
毫无杂音(5)/
佩戴舒适(4)/
十分好看(3)/
外观酷炫(3)/
十分漂亮(3)/
颜值够高(3)/
耳朵不痛(2)/
毫无卡顿(1)/
做工精细(1)/
毫无延迟(1)/",0.733258664
29,https://item.jd.com/100015071303.html,93%,"佩戴舒适(147)/
十分舒服(144)/
做工精细(85)/
简单方便(83)/
音质清晰(71)/
毫无杂音(53)/
极其好用(47)/
十分好用(46)/
声音清晰(41)/
毫无延迟(12)/
连接迅速(9)/
蓝牙连接快(7)/",0.732484892
30,https://item.jd.com/10063059287465.html,93%,"十分舒服(15)/
佩戴舒适(14)/
耳朵不疼(9)/
颜值够高(8)/
简单方便(7)/
做工精细(7)/
十分好用(6)/
音质俱佳(5)/
十分漂亮(4)/
颜色好看(1)/
蓝牙连接快(1)/
毫无色差(1)/",0.732026539
31,https://item.jd.com/100030539769.html,93%,"十分舒服(20)/
十分好用(18)/
佩戴舒适(15)/
音质俱佳(10)/
音质清晰(7)/
简单方便(7)/
功能强大(5)/
结实耐用(5)/
连接稳定(2)/
做工精细(2)/
毫无色差(2)/
颜色纯正(1)/",0.728651446
32,https://item.jd.com/100031589756.html,97%,"十分舒服(3214)/
佩戴舒适(3165)/
颜值够高(1418)/
简单方便(1246)/
做工精细(1221)/
十分漂亮(839)/
音质清晰(805)/
十分好用(618)/
毫无杂音(531)/
反应灵敏(285)/
毫无延迟(258)/
蓝牙连接快(251)/",0.728439168
33,https://item.jd.com/100036791856.html,97%,"佩戴舒适(756)/
十分舒服(731)/
做工精细(451)/
简单方便(312)/
颜值够高(290)/
降噪极佳(281)/
十分漂亮(213)/
十分好用(157)/
音质清晰(155)/
反应灵敏(61)/
毫无延迟(45)/
灵敏度强(42)/",0.73229352
34,https://item.jd.com/100036444868.html,94%,"颜值够高(51)/
十分舒服(43)/
佩戴舒适(27)/
做工精细(27)/
十分漂亮(26)/
简单方便(23)/
十分好看(18)/
音质俱佳(17)/
十分好用(11)/
反应灵敏(11)/
毫无延迟(5)/
蓝牙连接快(2)/",0.733109651
35,https://item.jd.com/5779012.html,98%,"音质清晰(70)/
十分舒服(63)/
佩戴舒适(56)/
做工精细(56)/
简单方便(51)/
极其好用(50)/
十分好用(46)/
毫无杂音(35)/
声音清晰(24)/
颜色纯正(3)/
毫无延迟(3)/
毫无色差(1)/",0.73387132
36,https://item.jd.com/100038370712.html,93%,"十分舒服(66)/
佩戴舒适(44)/
简单方便(30)/
音质清晰(24)/
做工精细(19)/
不易掉落(12)/
毫无杂音(12)/
十分好用(11)/
十分漂亮(11)/
毫无延迟(4)/
毫无卡顿(3)/
连接迅速(3)/",0.734950604
37,https://item.jd.com/100006008905.html,97%,"佩戴舒适(915)/
十分舒服(786)/
音质清晰(596)/
做工精细(557)/
毫无杂音(247)/
外观漂亮(195)/
不易夹耳(187)/
声音清晰(187)/
简单方便(89)/
链接顺畅(11)/
反应灵敏(10)/
毫无卡顿(8)/",0.736399306
38,https://item.jd.com/739101.html,97%,"佩戴舒适(67)/
十分舒服(62)/
十分好用(33)/
音质清晰(32)/
做工精细(26)/
简单方便(23)/
耳朵不疼(20)/
音质俱佳(18)/
极其好用(18)/
毫无延迟(4)/
白色好看(3)/
兼容性强(3)/",0.738248305
39,https://item.jd.com/3494451.html,97%,"十分舒服(305)/
十分好用(227)/
简单方便(176)/
音质清晰(171)/
佩戴舒适(165)/
音质俱佳(162)/
极其好用(136)/
做工精细(124)/
毫无杂音(117)/
毫无延迟(62)/
颜色纯正(9)/
传输稳定(8)/",0.737204944
40,https://item.jd.com/100011944809.html,96%,"十分舒服(610)/
佩戴舒适(508)/
降噪极佳(215)/
做工精细(164)/
简单方便(123)/
不易夹头(86)/
颜值够高(86)/
音质清晰(65)/
十分好用(63)/
颜色好看(31)/
毫无延迟(25)/
连接稳定(18)/",0.738438397
41,https://item.jd.com/100013764987.html,93%,"十分舒服(25)/
佩戴舒适(23)/
音质清晰(14)/
声音清晰(14)/
做工精细(12)/
十分好用(11)/
毫无杂音(8)/
颜值够高(7)/
高端大气(6)/
颜色好看(2)/
颜色鲜艳(1)/
毫无卡顿(1)/",0.735103363
42,https://item.jd.com/100022922003.html,95%,"佩戴舒适(189)/
十分舒服(187)/
做工精细(109)/
简单方便(95)/
降噪极佳(95)/
音质清晰(80)/
十分好用(66)/
十分漂亮(60)/
颜值够高(58)/
毫无延迟(15)/
连接迅速(11)/
蓝牙连接快(9)/",0.737703948
43,https://item.jd.com/7124725.html,95%,"十分舒服(64)/
佩戴舒适(46)/
做工精细(24)/
音质清晰(20)/
质感一流(19)/
颜值够高(17)/
十分好用(14)/
极其好用(13)/
声音清晰(11)/
毫无延迟(2)/
颜色好看(1)/
颜色漂亮(1)/",0.737758267
44,https://item.jd.com/10062428212262.html,95%,"佩戴舒适(118)/
音质清晰(118)/
十分舒服(91)/
做工精细(64)/
外观漂亮(33)/
简单方便(26)/
毫无杂音(26)/
十分漂亮(22)/
声音清晰(18)/
颜色好看(6)/
连接稳定(3)/
反应灵敏(3)/",0.740229008
45,https://item.jd.com/10060463258288.html,96%,"音质清晰(117)/
佩戴舒适(40)/
做工精细(37)/
十分舒服(30)/
小巧精致(24)/
十分好用(23)/
毫无杂音(16)/
连接稳定(11)/
极其好用(11)/
十分漂亮(11)/
颜色漂亮(5)/
反应灵敏(5)/",0.741691222
46,https://item.jd.com/100025230223.html,98%,"音质清晰(6)/
佩戴舒适(4)/
做工精细(3)/
极其好用(3)/
简单方便(2)/
力度十足(2)/
毫无延迟(2)/
声音清晰(2)/
还原度高(1)/
毫无杂音(1)/",0.741181641
47,https://item.jd.com/100015347651.html,96%,"十分舒服(522)/
佩戴舒适(464)/
降噪极佳(451)/
简单方便(317)/
做工精细(292)/
十分好用(276)/
音质俱佳(156)/
世界清净(145)/
颜值够高(108)/
反应灵敏(83)/
自然流畅(25)/
蓝牙连接快(23)/",0.741366496
48,https://item.jd.com/1324808.html,96%,"十分舒服(9)/
佩戴舒适(5)/
简单方便(4)/
做工精细(3)/
耳朵舒服(3)/
十分好用(3)/
不伤耳朵(3)/
声音清晰(2)/
颜值够高(2)/",0.742218051
49,https://item.jd.com/10030082192543.html,98%,"十分舒服(92)/
简单方便(90)/
音质清晰(89)/
佩戴舒适(81)/
做工精细(58)/
十分好用(55)/
极其好用(46)/
毫无杂音(45)/
音质俱佳(37)/
灵敏度强(8)/
蓝牙连接快(7)/
连接迅速(7)/",0.741437052
50,https://item.jd.com/10058178998302.html,99%,"佩戴舒适(36)/
十分舒服(34)/
音质清晰(28)/
简单方便(25)/
耳朵不疼(14)/
十分好用(13)/
毫无杂音(13)/
做工精细(12)/
声音清晰(12)/
颜色好看(3)/
连接稳定(3)/
灵敏度强(2)/",0.742132187
51,https://item.jd.com/100026405184.html,96%,"佩戴舒适(317)/
十分舒服(304)/
简单方便(235)/
音质清晰(194)/
做工精细(162)/
十分好用(137)/
极其好用(112)/
毫无杂音(103)/
声音清晰(93)/
反应灵敏(58)/
连接稳定(54)/
连接迅速(49)/",0.74243334
52,https://item.jd.com/5168840.html,94%,"十分舒服(525)/
佩戴舒适(375)/
简单方便(195)/
音质清晰(190)/
做工精细(187)/
蓝牙连接快(61)/
声音清晰(60)/
外观漂亮(55)/
十分漂亮(52)/
毫无杂音(52)/
灵敏度强(48)/
信号稳定(40)/",0.744600135
53,https://item.jd.com/71174428017.html,95%,"十分舒服(280)/
佩戴舒适(251)/
做工精细(158)/
音质清晰(149)/
毫无杂音(144)/
十分好用(91)/
声音清晰(63)/
十分漂亮(63)/
简单方便(45)/
颜色纯正(13)/
颜色好看(12)/
可能调节(7)/",0.742331648
54,https://item.jd.com/100029705376.html,95%,"线长适宜(104)/
音质清晰(41)/
十分舒服(36)/
声音清晰(34)/
极其好用(33)/
十分好用(29)/
佩戴舒适(25)/
毫无杂音(25)/
做工精细(21)/
灵敏度强(5)/
黑色耐脏(2)/
颜色明亮(1)/",0.740956543
55,https://item.jd.com/10051575528018.html,98%,"十分舒服(73)/
佩戴舒适(53)/
颜值够高(47)/
做工精细(46)/
毫无杂音(39)/
音质清晰(38)/
十分漂亮(30)/
十分好看(22)/
简单方便(21)/
毫无延迟(10)/
连接稳定(6)/
白色好看(4)/",0.74150115
56,https://item.jd.com/10035630959706.html,94%,"佩戴舒适(370)/
十分舒服(366)/
音质清晰(302)/
做工精细(287)/
毫无杂音(160)/
十分好用(139)/
音质俱佳(133)/
简单方便(126)/
十分漂亮(105)/
毫无延迟(17)/
蓝牙连接快(13)/
连接稳定(12)/",0.741952927
57,https://item.jd.com/100005982238.html,94%,"十分舒服(44)/
佩戴舒适(23)/
音质清晰(11)/
不易夹耳(11)/
不夹耳朵(11)/
声音清晰(10)/
十分好用(9)/
做工精细(7)/
简单方便(6)/
颜色好看(1)/
反应灵敏(1)/
识别率高(1)/",0.741844614
58,https://item.jd.com/100025230013.html,98%,"音质清晰(15)/
做工精细(15)/
极其好用(11)/
结实耐用(11)/
佩戴舒适(7)/
十分舒服(7)/
足够使用(6)/
毫无杂音(6)/
外观精美(5)/
灵敏度强(2)/
白色好看(1)/
自然流畅(1)/",0.743809902
59,https://item.jd.com/100021128124.html,95%,"做工精细(63)/
音质清晰(49)/
佩戴舒适(47)/
十分舒服(37)/
毫无杂音(17)/
外观漂亮(14)/
颜值够高(14)/
简单方便(12)/
音质俱佳(11)/
颜色纯正(5)/
颜色好看(4)/
不会断续(2)/",0.745617433
60,https://item.jd.com/100023503598.html,90%,"音质清晰(4)/
毫无卡顿(2)/
十分好用(2)/
声音清晰(2)/
十分舒服(2)/
外观漂亮(1)/
音质俱佳(1)/
跑步不易掉(1)/
高档大气(1)/",0.740843485
61,https://item.jd.com/152026.html,95%,"十分舒服(59)/
佩戴舒适(51)/
音质清晰(47)/
颜值够高(38)/
简单方便(33)/
声音清晰(32)/
十分好用(29)/
十分漂亮(29)/
做工精细(20)/
颜色好看(4)/
颜色漂亮(3)/
毫无卡顿(1)/",0.741613956
62,https://item.jd.com/100002466873.html,94%,"十分舒服(94)/
简单方便(65)/
佩戴舒适(60)/
做工精细(47)/
音质清晰(45)/
十分好用(39)/
音质俱佳(32)/
极其好用(31)/
颜值够高(29)/
蓝牙连接快(7)/
毫无延迟(6)/
颜色好看(5)/",0.742656019
63,https://item.jd.com/100038791109.html,92%,"佩戴舒适(52)/
做工精细(39)/
十分舒服(38)/
质感一流(16)/
音质清晰(15)/
声音清晰(12)/
低音强劲(12)/
颜值够高(11)/
十分漂亮(10)/
连接迅速(6)/
黑色酷炫(2)/
黑色有质感(2)/",0.742775335
64,https://item.jd.com/42783121557.html,94%,"十分舒服(1067)/
佩戴舒适(594)/
做工精细(336)/
毫无杂音(318)/
十分漂亮(247)/
音质清晰(234)/
十分好用(207)/
十分好看(194)/
质感一流(113)/
颜色好看(100)/
颜色纯正(26)/
颜色漂亮(26)/",0.744023664
65,https://item.jd.com/100004288229.html,93%,"十分舒服(25)/
佩戴舒适(18)/
音质清晰(12)/
极其好用(12)/
十分好用(10)/
做工精细(9)/
音质俱佳(9)/
颜值够高(8)/
外观精致(5)/
毫无延迟(2)/
颜色好看(1)/
颜色漂亮(1)/",0.743030896
66,https://item.jd.com/100041983749.html,96%,"佩戴舒适(66)/
十分舒服(51)/
做工精细(20)/
十分漂亮(17)/
音质清晰(15)/
质感一流(15)/
十分好看(10)/
声音清晰(10)/
颜值够高(10)/
连接迅速(5)/
信号稳定(2)/
连接蓝牙快(2)/",0.742719994
67,https://item.jd.com/100038420742.html,96%,"十分舒服(13)/
音质清晰(7)/
结实耐用(7)/
毫无杂音(6)/
做工精细(5)/
十分好用(4)/
尺寸合适(4)/
十分漂亮(4)/
声音清晰(4)/
可能调节(3)/
可调节音量(3)/
颜色纯正(2)/",0.742634956
68,https://item.jd.com/100004325476.html,97%,"十分舒服(901)/
佩戴舒适(828)/
简单方便(700)/
做工精细(442)/
十分好用(405)/
音质清晰(231)/
极其好用(213)/
反应灵敏(175)/
音质俱佳(170)/
十分漂亮(165)/
毫无卡顿(99)/
灵敏度强(61)/",0.743596196
69,https://item.jd.com/100026474036.html,95%,"十分舒服(84)/
佩戴舒适(76)/
做工精细(57)/
简单方便(49)/
颜值够高(47)/
十分好用(39)/
音质清晰(38)/
毫无杂音(36)/
极其好用(28)/
反应灵敏(25)/
毫无延迟(17)/
连接迅速(12)/",0.745007856
70,https://item.jd.com/100037379477.html,94%,"佩戴舒适(143)/
十分舒服(109)/
做工精细(74)/
降噪极佳(57)/
质感一流(54)/
音质清晰(48)/
颜值够高(43)/
外观漂亮(37)/
十分漂亮(37)/
颜色漂亮(8)/
颜色好看(6)/
反应灵敏(4)/",0.747443462
71,https://item.jd.com/100032329082.html,98%,"十分舒服(671)/
颜值够高(401)/
佩戴舒适(394)/
毫无杂音(323)/
做工精细(266)/
简单方便(218)/
十分漂亮(187)/
音质清晰(180)/
音质俱佳(123)/
灵敏度强(118)/
反应灵敏(89)/
毫无延迟(68)/",0.748728716
72,https://item.jd.com/100008967227.html,95%,"简单方便(50)/
佩戴舒适(44)/
十分舒服(40)/
做工精细(32)/
音质清晰(29)/
十分好用(18)/
毫无杂音(18)/
结实耐用(18)/
不易掉落(13)/
连接稳定(3)/
毫无延迟(3)/
蓝牙连接快(2)/",0.749380043
73,https://item.jd.com/100039518042.html,95%,"佩戴舒适(311)/
十分舒服(280)/
质感一流(179)/
做工精细(137)/
颜值够高(80)/
降噪极佳(79)/
音质清晰(62)/
十分好用(60)/
十分漂亮(56)/
连接稳定(20)/
反应灵敏(18)/
灵敏度强(18)/",0.749851934
74,https://item.jd.com/100017273022.html,94%,"十分舒服(5)/
佩戴舒适(3)/
外观漂亮(3)/
听感舒服(2)/
简单方便(2)/
音质清晰(2)/
十分漂亮(2)/
质量极佳(1)/
做工精细(1)/",0.749441758
75,https://item.jd.com/100022390242.html,93%,"简单方便(45)/
十分舒服(42)/
佩戴舒适(37)/
音质清晰(27)/
耳朵不疼(26)/
极其好用(21)/
声音清晰(13)/
做工精细(12)/
颜值够高(11)/
蓝牙连接快(3)/
灵敏度强(2)/
反应灵敏(1)/",0.748053645
76,https://item.jd.com/100036015119.html,93%,"佩戴舒适(6)/
简单方便(6)/
做工精细(6)/
十分舒服(6)/
十分好用(4)/
音质清晰(3)/
耳朵不疼(3)/
实物美丽(3)/
使用良好(3)/
颜色好看(1)/",0.748018655
77,https://item.jd.com/3999015.html,96%,"音质清晰(16)/
做工精细(15)/
十分舒服(13)/
简单方便(11)/
十分好用(11)/
佩戴舒适(8)/
结实耐用(8)/
极其好用(7)/
声音清晰(7)/
颜色纯正(1)/
反应灵敏(1)/
黑色耐脏(1)/",0.746256938
78,https://item.jd.com/10021393118139.html,94%,"十分舒服(223)/
音质清晰(189)/
佩戴舒适(177)/
做工精细(145)/
毫无杂音(131)/
简单方便(130)/
十分好用(118)/
十分漂亮(107)/
极其好用(87)/
毫无延迟(30)/
灵敏度强(16)/
连接稳定(11)/",0.74520568
79,https://item.jd.com/100040239405.html,97%,"佩戴舒适(36)/
音质清晰(35)/
十分舒服(31)/
毫无杂音(25)/
做工精细(19)/
外观漂亮(14)/
声音清晰(13)/
使用舒适(7)/
简单方便(6)/
颜色漂亮(2)/
毫无延迟(2)/
灵敏度强(2)/",0.746472416
80,https://item.jd.com/100012969929.html,94%,"十分舒服(299)/
佩戴舒适(277)/
简单方便(203)/
音质清晰(185)/
做工精细(157)/
毫无杂音(135)/
十分好用(133)/
极其好用(77)/
音质俱佳(72)/
反应灵敏(56)/
蓝牙连接快(33)/
毫无延迟(17)/",0.746667648
81,https://item.jd.com/100039758693.html,91%,"音质清晰(28)/
十分舒服(20)/
佩戴舒适(19)/
简单方便(14)/
做工精细(14)/
声音清晰(12)/
毫无杂音(11)/
十分好用(8)/
十分漂亮(8)/
不会断连(4)/
信号稳定(3)/
不会断续(3)/",0.74443523
82,https://item.jd.com/100024602264.html,88%,"毫无杂音(271)/
十分舒服(263)/
做工精细(228)/
佩戴舒适(202)/
简单方便(156)/
舒适度佳(90)/
十分漂亮(86)/
十分好用(80)/
音质清晰(71)/
灵敏度强(16)/
毫无延迟(12)/
连接迅速(11)/",0.740963221
83,https://item.jd.com/100034992453.html,94%,"佩戴舒适(44)/
音质清晰(41)/
十分舒服(39)/
做工精细(28)/
毫无杂音(27)/
简单方便(18)/
十分漂亮(16)/
颜值够高(16)/
外观漂亮(14)/
蓝牙连接快(4)/
连接稳定(2)/
毫无延迟(2)/",0.740804871
84,https://item.jd.com/100024531814.html,97%,"十分舒服(7)/
颜值够高(7)/
简单方便(6)/
佩戴舒适(5)/
做工精细(3)/
十分漂亮(3)/
颜色好看(2)/
音质清晰(2)/
声音清晰(2)/
毫无杂音(2)/
颜色鲜艳(1)/
蓝牙连接快(1)/",0.74115252
85,https://item.jd.com/100030412853.html,96%,"佩戴舒适(149)/
十分舒服(133)/
做工精细(96)/
简单方便(84)/
音质清晰(68)/
十分好用(55)/
毫无杂音(45)/
颜值够高(42)/
极其好用(35)/
毫无延迟(17)/
连接稳定(16)/
连接迅速(14)/",0.742083391
86,https://item.jd.com/100022867417.html,96%,"佩戴舒适(150)/
十分舒服(140)/
质感一流(85)/
做工精细(63)/
十分好用(45)/
颜值够高(44)/
音质清晰(34)/
极其好用(32)/
十分漂亮(29)/
连接迅速(21)/
颜色好看(12)/
连接稳定(12)/",0.74296107
87,https://item.jd.com/100021980838.html,95%,"佩戴舒适(182)/
十分舒服(150)/
做工精细(107)/
质感一流(104)/
音质俱佳(70)/
十分漂亮(63)/
降噪极佳(56)/
颜值够高(50)/
十分好用(40)/
灵敏度强(13)/
连接稳定(12)/
不会断连(5)/",0.742326797
88,https://item.jd.com/100032619380.html,95%,"佩戴舒适(6)/
简单方便(6)/
毫无杂音(4)/
不易掉落(3)/
十分舒服(3)/
声音响亮(2)/
结实耐用(2)/
音质俱佳(1)/",0.740921916
89,https://item.jd.com/100009722547.html,95%,"音质清晰(11)/
声音清晰(11)/
简单方便(10)/
做工精细(8)/
使用良好(7)/
毫无杂音(6)/
十分好用(5)/
十分舒服(5)/
外观漂亮(4)/
无断续现象(4)/
颜色不错(1)/",0.742048682
90,https://item.jd.com/10063960804865.html,97%,"佩戴舒适(31)/
十分舒服(28)/
音质清晰(10)/
简单方便(7)/
音质俱佳(6)/
十分好用(5)/
十分漂亮(5)/
毫无杂音(5)/
做工精细(2)/
毫无延迟(1)/
可自动连接(1)/
做工仔细(1)/",0.741726831
91,https://item.jd.com/100014109373.html,96%,"简单方便(53)/
十分舒服(50)/
音质清晰(38)/
佩戴舒适(37)/
做工精细(33)/
颜色好看(30)/
十分漂亮(26)/
十分好用(25)/
颜值够高(24)/
音质俱佳(21)/
颜色漂亮(19)/
颜色纯正(11)/",0.741746601
92,https://item.jd.com/100026201427.html,94%,"十分舒服(26)/
佩戴舒适(25)/
简单方便(16)/
十分好用(10)/
做工精细(9)/
牢固稳当(8)/
音质清晰(7)/
毫无漏音(6)/
毫无杂音(6)/
颜色纯正(3)/
红色纯正(3)/
连接稳定(1)/",0.742215109
93,https://item.jd.com/2364912.html,96%,"音质清晰(14)/
做工精细(13)/
简单方便(10)/
十分舒服(10)/
结实耐用(10)/
极其好用(8)/
十分漂亮(8)/
佩戴舒适(7)/
毫无异味(6)/
颜色鲜艳(1)/",0.741437455
94,https://item.jd.com/100007003131.html,92%,"音质清晰(71)/
佩戴舒适(59)/
十分舒服(58)/
简单方便(40)/
声音清晰(37)/
做工精细(23)/
毫无杂音(20)/
十分好用(17)/
十分漂亮(14)/
蓝牙传输稳(3)/
传输稳定(3)/
蓝牙连接快(2)/",0.741826343
95,https://item.jd.com/100038004395.html,96%,"佩戴舒适(103)/
十分舒服(100)/
做工精细(59)/
十分好用(45)/
音质俱佳(45)/
简单方便(44)/
反应灵敏(27)/
极其好用(22)/
音质清晰(21)/
颜值够高(19)/
连接迅速(6)/
灵敏度强(4)/",0.741810465
96,https://item.jd.com/5064634.html,96%,"音质清晰(7)/
做工精细(5)/
颜色鲜艳(3)/
高端大气(3)/
十分漂亮(3)/
使用良好(3)/
颜色好看(2)/
外观好看(2)/
极其好用(2)/
声音清晰(2)/
结实耐用(2)/
颜色纯正(1)/",0.740796846
97,https://item.jd.com/100009644414.html,94%,"简单方便(52)/
颜值够高(45)/
颜色好看(44)/
十分舒服(41)/
十分漂亮(37)/
佩戴舒适(35)/
音质清晰(28)/
做工精细(23)/
颜色漂亮(20)/
不易掉落(16)/
十分好用(14)/
颜色不错(13)/",0.741471576
98,https://item.jd.com/100023650722.html,92%,"十分舒服(143)/
佩戴舒适(109)/
颜值够高(102)/
做工精细(83)/
质感一流(79)/
降噪极佳(42)/
十分漂亮(32)/
十分好用(29)/
音质俱佳(23)/
连接迅速(11)/
毫无延迟(6)/
颜色好看(4)/",0.741947992
99,https://item.jd.com/100038420726.html,96%,"音质清晰(9)/
声音清晰(7)/
佩戴舒适(5)/
简单方便(5)/
毫无杂音(5)/
做工精细(4)/
不易夹耳(3)/
小巧轻便(3)/
十分舒服(3)/",0.741766734
100,https://item.jd.com/100023002807.html,96%,"十分舒服(85)/
佩戴舒适(63)/
颜值够高(36)/
做工精细(33)/
音质清晰(31)/
简单方便(23)/
十分漂亮(20)/
毫无杂音(20)/
音质俱佳(13)/
蓝牙连接快(9)/
毫无延迟(6)/
连接稳定(3)/",0.742788911
101,https://item.jd.com/100023344366.html,91%,"十分舒服(52)/
外表炫酷(38)/
佩戴舒适(37)/
做工精细(37)/
十分酷炫(29)/
毫无延迟(28)/
十分好用(27)/
十分漂亮(25)/
颜值够高(22)/
音质俱佳(20)/
蓝牙连接快(5)/
灵敏度强(5)/",0.742432511
102,https://item.jd.com/100025230003.html,98%,"音质清晰(16)/
简单方便(13)/
声音清晰(12)/
十分好用(9)/
十分舒服(9)/
佩戴舒适(6)/
音质俱佳(6)/
结实耐用(4)/
做工精细(3)/
毫无延迟(1)/
灵敏度强(1)/
外观无色差(1)/",0.741674316
103,https://item.jd.com/100010511279.html,93%,"简单方便(5)/
音质清晰(5)/
做工精细(5)/
佩戴舒适(4)/
毫无杂音(4)/
声音清晰(3)/
体感舒适(2)/
十分舒服(2)/
款式好看(2)/
颜色纯正(1)/",0.740513623
104,https://item.jd.com/100041802827.html,89%,"外观好看(2)/
十分舒服(2)/
使用良好(2)/
颜值够高(2)/
声音悦耳(1)/
十分好看(1)/
蓝牙连接快(1)/
做工精细(1)/
十分漂亮(1)/
外观简洁(1)/
连接蓝牙快(1)/",0.739396
105,https://item.jd.com/100032390901.html,98%,"十分舒服(411)/
佩戴舒适(339)/
做工精细(223)/
音质清晰(153)/
简单方便(149)/
颜值够高(124)/
十分漂亮(122)/
十分好用(93)/
毫无杂音(82)/
灵敏度强(35)/
毫无延迟(24)/
连接迅速(24)/",0.739333576
106,https://item.jd.com/100009644416.html,93%,"十分舒服(77)/
佩戴舒适(75)/
简单方便(67)/
音质清晰(58)/
十分好用(47)/
做工精细(46)/
毫无杂音(45)/
声音清晰(40)/
十分漂亮(21)/
毫无延迟(9)/
灵敏度强(6)/
连接迅速(4)/",0.739448369
107,https://item.jd.com/100018665937.html,93%,"十分舒服(85)/
佩戴舒适(53)/
简单方便(42)/
毫无延迟(41)/
十分好用(32)/
不易夹头(24)/
颜值够高(10)/
音质俱佳(9)/
做工精细(8)/
毫无杂音(8)/
毫无卡顿(3)/
连接迅速(2)/",0.73912653
108,https://item.jd.com/71266752080.html,96%,"音质清晰(29)/
十分舒服(27)/
佩戴舒适(22)/
做工精细(16)/
极其好用(16)/
毫无漏音(13)/
结实耐用(12)/
毫无杂音(11)/
简单方便(10)/
毫无延迟(2)/
反应灵敏(2)/
可能调节(1)/",0.739595194
109,https://item.jd.com/100024313146.html,97%,"十分舒服(283)/
佩戴舒适(219)/
十分漂亮(188)/
颜值够高(188)/
做工精细(163)/
简单方便(157)/
音质清晰(128)/
颜色好看(92)/
毫无杂音(90)/
十分好看(84)/
颜色漂亮(61)/
灵敏度强(31)/",0.739607257
110,https://item.jd.com/100013427279.html,92%,"简单方便(30)/
佩戴舒适(26)/
十分舒服(25)/
做工精细(21)/
音质清晰(14)/
十分好用(14)/
十分漂亮(11)/
颜值够高(10)/
毫无杂音(9)/
蓝牙连接快(6)/
连接迅速(4)/
灵敏度强(3)/",0.738042202
111,https://item.jd.com/10055612546864.html,91%,"十分舒服(25)/
简单方便(19)/
音质清晰(14)/
佩戴舒适(13)/
做工精细(9)/
十分好用(9)/
声音清晰(8)/
舒适度佳(5)/
毫无杂音(4)/
毫无卡顿(1)/
蓝牙连接快(1)/
连接蓝牙快(1)/",0.737000093
112,https://item.jd.com/100020579308.html,92%,"十分舒服(181)/
佩戴舒适(154)/
做工精细(95)/
降噪极佳(89)/
简单方便(70)/
十分好用(68)/
音质清晰(55)/
十分漂亮(54)/
颜值够高(53)/
灵敏度强(17)/
蓝牙连接快(9)/
反应灵敏(5)/",0.736989348
113,https://item.jd.com/10056729620092.html,85%,"毫无杂音(147)/
音质清晰(109)/
简单方便(107)/
十分舒服(100)/
佩戴舒适(70)/
声音清晰(69)/
牢固稳当(34)/
十分好用(33)/
做工精细(30)/
毫无延迟(30)/
蓝牙连接快(22)/
毫无卡顿(22)/",0.735753758
114,https://item.jd.com/100010504158.html,93%,"佩戴舒适(20)/
十分好用(13)/
十分舒服(13)/
简单方便(12)/
音质清晰(12)/
声音清晰(11)/
极其好用(10)/
做工精细(9)/
毫无杂音(9)/
颜色好看(2)/
黑色耐脏(1)/",0.735004111
115,https://item.jd.com/100020616406.html,91%,"简单方便(38)/
音质清晰(38)/
做工精细(37)/
佩戴舒适(31)/
十分舒服(27)/
音质俱佳(24)/
声音清晰(20)/
极其好用(18)/
十分好用(14)/
颜色纯正(6)/
蓝牙连接快(4)/
灵敏度强(4)/",0.731511464
116,https://item.jd.com/10021032932786.html,93%,"佩戴舒适(504)/
做工精细(466)/
十分舒服(423)/
音质清晰(404)/
毫无杂音(259)/
声音清晰(105)/
简单方便(92)/
外观漂亮(62)/
耳朵不疼(51)/
灵敏度强(20)/
信号稳定(14)/
反应灵敏(11)/",0.730123206
117,https://item.jd.com/10061975445774.html,94%,"毫无杂音(189)/
十分舒服(117)/
佩戴舒适(96)/
质感一流(82)/
做工精细(77)/
结实耐用(59)/
音质清晰(55)/
声音清晰(29)/
耳朵不疼(26)/
毫无卡顿(9)/
灵敏度强(7)/
连接迅速(5)/",0.729150765
118,https://item.jd.com/59157854472.html,96%,"倍感舒适(34)/
十分大气(14)/
声音清亮(11)/
做工一流(10)/
质量上乘(9)/
炫酷十足(8)/
方便快捷(5)/
功能齐全(3)/
灵敏度佳(2)/
手感一流(2)/
手感十足(2)/",0.728791803
119,https://item.jd.com/100017786994.html,94%,"十分舒服(178)/
简单方便(156)/
佩戴舒适(154)/
音质清晰(134)/
做工精细(99)/
十分好用(77)/
毫无杂音(76)/
极其好用(63)/
颜值够高(58)/
灵敏度强(28)/
毫无延迟(27)/
蓝牙连接快(16)/",0.728660623
120,https://item.jd.com/100017737716.html,95%,"十分舒服(29)/
做工精细(22)/
穿戴舒服(13)/
毫无色差(10)/
反应灵敏(8)/
面料舒适(7)/
款式时尚(6)/
十分漂亮(6)/
毫无异味(6)/
款式好看(6)/
结实耐用(5)/
颜色纯正(3)/",0.728715773
121,https://item.jd.com/100009127589.html,94%,"十分舒服(463)/
佩戴舒适(423)/
质感一流(291)/
做工精细(243)/
颜值够高(231)/
音质清晰(180)/
十分好用(160)/
十分漂亮(135)/
极其好用(134)/
灵敏度强(40)/
连接稳定(37)/
颜色好看(34)/",0.728766611
122,https://item.jd.com/100017753572.html,92%,"毫无杂音(3)/
佩戴舒适(2)/
简单方便(2)/
音质俱佳(2)/
音质清晰(1)/
毫无卡顿(1)/
不卡耳朵(1)/
运行顺畅(1)/
反应灵敏(1)/
极其好用(1)/
十分舒服(1)/",0.728686971
123,https://item.jd.com/100020616376.html,93%,"简单方便(12)/
做工精细(11)/
音质俱佳(11)/
佩戴舒适(10)/
十分舒服(9)/
音质清晰(8)/
极其好用(8)/
十分好用(7)/
毫无杂音(7)/
颜色好看(3)/
灵敏度强(2)/
反应灵敏(1)/",0.72847261
124,https://item.jd.com/100034468501.html,96%,"佩戴舒适(152)/
十分舒服(107)/
做工精细(73)/
质感一流(66)/
颜值够高(54)/
音质俱佳(27)/
十分漂亮(26)/
音质清晰(22)/
低音强劲(19)/
连接稳定(9)/
毫无压力(7)/
蓝牙连接快(7)/",0.728936164
125,https://item.jd.com/100007503247.html,96%,"线长适宜(42)/
十分舒服(12)/
音质清晰(10)/
极其好用(10)/
十分好用(7)/
佩戴舒适(5)/
做工精细(5)/
声音清晰(5)/
结实耐用(5)/",0.72833287
126,https://item.jd.com/100023808409.html,99%,"佩戴舒适(128)/
音质清晰(111)/
十分舒服(92)/
做工精细(74)/
毫无杂音(61)/
外观漂亮(50)/
声音清晰(27)/
颜值够高(18)/
简单方便(10)/
颜色好看(6)/
颜色纯正(3)/
颜色漂亮(2)/",0.728541303
127,https://item.jd.com/100018876428.html,97%,"佩戴舒适(52)/
音质清晰(50)/
十分舒服(44)/
声音清晰(33)/
十分好用(21)/
十分漂亮(20)/
毫无杂音(19)/
做工精细(16)/
简单方便(10)/
白色漂亮(4)/
运行稳定(3)/
白色好看(2)/",0.729102472
128,https://item.jd.com/1552925.html,97%,"十分舒服(33)/
音质清晰(27)/
佩戴舒适(25)/
做工精细(25)/
十分好用(25)/
质感一流(19)/
颜值够高(18)/
极其好用(16)/
结实耐用(16)/
颜色纯正(3)/
白色好看(2)/
颜色漂亮(2)/",0.729306723
129,https://item.jd.com/26155946352.html,97%,"佩戴舒适(12)/
十分舒服(11)/
十分好用(5)/
线长适宜(4)/
声音清晰(4)/
音质清晰(3)/
做工精细(3)/
低音强劲(3)/
极其好用(2)/",0.729532087
130,https://item.jd.com/4899062.html,98%,"佩戴舒适(2)/
十分好看(2)/
十分舒服(2)/
听感舒服(1)/
外观精致(1)/
做工精细(1)/
十分好用(1)/
入耳舒服(1)/
蛮有创意(1)/",0.730441293
131,https://item.jd.com/100038040882.html,93%,"十分舒服(26)/
佩戴舒适(16)/
简单方便(7)/
做工精细(6)/
十分好用(6)/
毫无杂音(6)/
戴感舒适(5)/
极其好用(4)/
声音清晰(4)/
可能调节(1)/
颜色炫酷(1)/
灵敏度强(1)/",0.72938432
132,https://item.jd.com/10025883831866.html,95%,"十分舒服(190)/
音质清晰(153)/
佩戴舒适(112)/
毫无杂音(76)/
声音清晰(73)/
做工精细(58)/
简单方便(42)/
十分漂亮(35)/
耳朵不疼(33)/
颜色纯正(12)/
颜色漂亮(12)/
毫无延迟(9)/",0.730214632
133,https://item.jd.com/42275487506.html,96%,"佩戴舒适(49)/
音质清晰(40)/
声音清晰(28)/
十分舒服(27)/
极其好用(20)/
简单方便(19)/
毫无杂音(18)/
做工精细(15)/
十分好用(15)/
毫无延迟(1)/
反应灵敏(1)/",0.7307563
134,https://item.jd.com/10048201296195.html,98%,"音质清晰(25)/
十分舒服(18)/
佩戴舒适(10)/
声音清晰(10)/
毫无杂音(10)/
十分好用(6)/
简单方便(5)/
极其好用(5)/
做工精细(1)/
运行稳定(1)/",0.732181662
135,https://item.jd.com/100021128110.html,93%,"音质清晰(361)/
佩戴舒适(335)/
做工精细(330)/
十分舒服(290)/
毫无杂音(158)/
简单方便(124)/
声音清晰(97)/
外观漂亮(82)/
十分好用(77)/
毫无延迟(14)/
颜色漂亮(11)/
颜色好看(10)/",0.732455593
136,https://item.jd.com/34805997726.html,96%,"音质清晰(75)/
十分舒服(56)/
毫无杂音(48)/
极其好用(45)/
声音清晰(41)/
十分好用(34)/
佩戴舒适(30)/
简单方便(21)/
做工精细(19)/
毫无延迟(6)/
灵敏度强(3)/
颜色纯正(2)/",0.732192993
137,https://item.jd.com/100029340915.html,95%,"佩戴舒适(30)/
十分舒服(24)/
音质清晰(22)/
简单方便(21)/
通话清晰(12)/
声音清晰(12)/
毫无杂音(11)/
做工精细(10)/
十分漂亮(10)/
信号稳定(8)/
连接迅速(4)/
蓝牙稳定(2)/",0.732943602
138,https://item.jd.com/100033311394.html,97%,"十分舒服(836)/
佩戴舒适(829)/
颜值够高(588)/
十分漂亮(407)/
简单方便(347)/
做工精细(340)/
十分好看(270)/
音质清晰(256)/
颜色好看(186)/
十分好用(159)/
连接迅速(111)/
颜色漂亮(79)/",0.733593534
139,https://item.jd.com/100017753584.html,91%,"十分好用(3)/
高端大气(3)/
十分舒服(3)/
做工精细(2)/
外观不错(2)/
毫无杂音(2)/
清晰响亮(1)/
层次分明(1)/
毫无色差(1)/
颜值够高(1)/",0.73352636
140,https://item.jd.com/10063163310343.html,66%,"音效优良(1)/
做工精细(1)/
十分舒服(1)/
颜值够高(1)/",0.731533995
141,https://item.jd.com/100012584469.html,96%,"十分舒服(32)/
做工精细(18)/
穿戴舒服(16)/
手感舒服(8)/
十分漂亮(7)/
款式好看(6)/
毫无色差(5)/
颜色纯正(4)/
十分好用(4)/
高端大气(4)/
音质清晰(3)/
颜色漂亮(2)/",0.732283346
142,https://item.jd.com/100034387834.html,96%,"佩戴舒适(296)/
十分舒服(284)/
简单方便(149)/
做工精细(122)/
十分好用(116)/
音质清晰(87)/
颜值够高(86)/
降噪极佳(72)/
十分漂亮(65)/
连接迅速(40)/
灵敏度强(19)/
连接稳定(14)/",0.732849115
143,https://item.jd.com/10039162580920.html,97%,"音质清晰(3)/
十分舒服(2)/
外观精致(1)/
使用舒适(1)/
温暖柔和(1)/
十分好看(1)/
极其好用(1)/
声音清晰(1)/",0.73253338
144,https://item.jd.com/10060705107589.html,96%,"佩戴舒适(56)/
十分舒服(53)/
音质清晰(44)/
简单方便(33)/
毫无杂音(23)/
耳朵不疼(18)/
做工精细(17)/
声音清晰(15)/
颜值够高(12)/
连接稳定(4)/
反应灵敏(4)/
毫无延迟(2)/",0.73284637
145,https://item.jd.com/100022633377.html,92%,"做工精细(219)/
佩戴舒适(182)/
音质清晰(177)/
简单方便(163)/
十分舒服(155)/
毫无杂音(107)/
颜值够高(65)/
十分好用(63)/
十分漂亮(62)/
毫无延迟(17)/
连接迅速(13)/
毫无色差(12)/",0.733072274
146,https://item.jd.com/38168334118.html,96%,"十分舒服(15)/
音质清晰(13)/
毫无杂音(9)/
佩戴舒适(7)/
声音清晰(7)/
做工精细(6)/
十分好用(5)/
十分漂亮(5)/
线长适宜(3)/
圆润细腻(1)/",0.732544677
147,https://item.jd.com/54956770920.html,93%,"做工精细(4)/
十分舒服(4)/
佩戴舒适(3)/
音质清晰(3)/
十分好用(3)/
耳朵不痛(2)/
不易滑落(2)/
线长适宜(2)/
结实耐用(2)/",0.730840647
148,https://item.jd.com/67705858884.html,98%,"音质清晰(21)/
做工精细(10)/
佩戴舒适(9)/
线长适宜(9)/
毫无漏音(6)/
耳朵不疼(5)/
极其好用(5)/
声音清晰(5)/
十分舒服(5)/
颜色纯正(1)/
颜色漂亮(1)/",0.730350446
149,https://item.jd.com/100025337486.html,96%,"十分舒服(125)/
佩戴舒适(93)/
十分好用(56)/
不易夹耳(37)/
声音清晰(35)/
质感一流(28)/
极其好用(26)/
做工精细(23)/
定位精准(22)/
毫无延迟(5)/
颜色不错(1)/
灵敏度强(1)/",0.729776506
150,https://item.jd.com/100027916671.html,90%,"音质清晰(262)/
佩戴舒适(201)/
十分舒服(157)/
毫无杂音(111)/
做工精细(98)/
外观漂亮(84)/
声音清晰(78)/
简单方便(60)/
十分好用(45)/
连接迅速(28)/
灵敏度强(6)/
颜色好看(5)/",0.729734929
151,https://item.jd.com/100013466567.html,92%,"十分舒服(55)/
佩戴舒适(50)/
十分好用(20)/
音质清晰(16)/
简单方便(16)/
颜值够高(13)/
声音清晰(11)/
做工精细(10)/
耳朵舒服(10)/
灵敏度强(3)/
颜色纯正(2)/
运行顺畅(1)/",0.729418384
152,https://item.jd.com/100009440877.html,92%,"简单方便(133)/
十分舒服(96)/
佩戴舒适(76)/
做工精细(46)/
十分好用(40)/
结实耐用(27)/
极其好用(26)/
颜值够高(25)/
不易掉落(21)/
连接迅速(10)/
蓝牙连接快(5)/
颜色纯正(3)/",0.729260181
153,https://item.jd.com/100038004391.html,95%,"十分舒服(289)/
佩戴舒适(234)/
降噪极佳(200)/
简单方便(143)/
十分好用(138)/
做工精细(124)/
音质俱佳(85)/
世界清净(77)/
极其好用(58)/
反应灵敏(46)/
连接稳定(7)/
连接迅速(6)/",0.728484779
154,https://item.jd.com/1099797.html,98%,"十分舒服(39)/
佩戴舒适(37)/
音质清晰(13)/
音质俱佳(10)/
足够使用(8)/
质感一流(8)/
做工精细(7)/
极其好用(7)/
毫无杂音(7)/
细节还原(1)/",0.728690062
155,https://item.jd.com/100012584461.html,93%,"佩戴舒适(150)/
做工精细(110)/
十分舒服(103)/
质感一流(68)/
音质清晰(54)/
音质俱佳(49)/
牢固稳当(49)/
不易掉落(43)/
颜值够高(41)/
蓝牙连接快(11)/
连接稳定(10)/
灵敏度强(5)/",0.728626667
156,https://item.jd.com/100021858819.html,99%,"十分舒服(265)/
佩戴舒适(258)/
音质清晰(226)/
简单方便(194)/
做工精细(185)/
毫无杂音(134)/
声音清晰(121)/
颜值够高(83)/
十分漂亮(81)/
毫无延迟(44)/
毫无卡顿(24)/
反应灵敏(20)/",0.728761203
157,https://item.jd.com/100025886670.html,95%,"十分舒服(69)/
佩戴舒适(52)/
简单方便(37)/
音质清晰(32)/
做工精细(30)/
降噪极佳(24)/
十分好用(20)/
不易掉落(15)/
极其好用(14)/
毫无延迟(4)/
颜色纯正(2)/
反应灵敏(2)/",0.728237988
0,https://item.jd.com/10035789319416.html,99%,"十分舒服(10067)/
佩戴舒适(7015)/
做工精细(4822)/
音质清晰(4724)/
十分好用(4359)/
毫无杂音(4127)/
简单方便(3997)/
音质俱佳(2994)/
颜值够高(2748)/
反应灵敏(2277)/
毫无延迟(1250)/
灵敏度强(1197)/",0.759291928
1,https://item.jd.com/35098014522.html,97%,"音质清晰(103)/
毫无杂音(102)/
十分舒服(83)/
佩戴舒适(58)/
十分好用(55)/
做工精细(47)/
极其好用(45)/
声音清晰(40)/
简单方便(30)/
颜色纯正(10)/
不会断续(8)/
灵敏度强(3)/",0.743578174
2,https://item.jd.com/100042612427.html,94%,"佩戴舒适(7)/
颜值够高(6)/
十分舒服(5)/
音质俱佳(4)/
世界清净(2)/
十分好用(2)/
十分漂亮(2)/
外观精美(2)/
白色好看(1)/
白色简洁(1)/
做工精细(1)/",0.757867939
3,https://item.jd.com/3767541.html,98%,"十分舒服(512)/
佩戴舒适(365)/
十分好用(279)/
音质清晰(256)/
极其好用(245)/
做工精细(226)/
简单方便(157)/
结实耐用(136)/
毫无杂音(131)/
从不掉线(22)/
颜色大气(22)/
颜色纯正(19)/",0.783438685
4,https://item.jd.com/10065479816348.html,99%,"十分舒服(264)/
佩戴舒适(235)/
音质清晰(145)/
做工精细(134)/
十分好用(114)/
毫无杂音(97)/
简单方便(84)/
音质俱佳(67)/
十分漂亮(61)/
毫无延迟(50)/
反应灵敏(45)/
灵敏度强(33)/",0.796894097
5,https://item.jd.com/100032329020.html,94%,"十分舒服(592)/
佩戴舒适(583)/
简单方便(428)/
做工精细(370)/
音质清晰(314)/
十分好用(285)/
极其好用(228)/
颜值够高(143)/
毫无杂音(141)/
反应灵敏(125)/
连接迅速(42)/
连接稳定(34)/",0.789267223
6,https://item.jd.com/10064109710176.html,100%,"佩戴舒适(17)/
十分舒服(13)/
音质清晰(11)/
做工精细(8)/
外观漂亮(5)/
外观精致(3)/
十分漂亮(3)/
听感舒服(2)/
十分好用(2)/
毫无卡顿(1)/
蓝牙连接快(1)/
工艺优良(1)/",0.805197816
7,https://item.jd.com/100030698310.html,94%,"十分舒服(188)/
颜值够高(155)/
佩戴舒适(139)/
简单方便(103)/
做工精细(93)/
音质清晰(84)/
十分漂亮(78)/
十分好用(65)/
毫无杂音(63)/
颜色好看(40)/
颜色漂亮(18)/
灵敏度强(16)/",0.793493106
8,https://item.jd.com/100007522725.html,97%,"十分舒服(312)/
佩戴舒适(291)/
音质清晰(225)/
极其好用(164)/
十分好用(156)/
做工精细(147)/
简单方便(132)/
声音清晰(117)/
毫无杂音(116)/
毫无延迟(10)/
颜色好看(8)/
灵敏度强(8)/",0.794828275
9,https://item.jd.com/100005809056.html,96%,"十分舒服(343)/
佩戴舒适(258)/
简单方便(114)/
音质清晰(112)/
声音清晰(101)/
不易夹耳(96)/
做工精细(95)/
十分好用(87)/
极其好用(66)/
颜色纯正(3)/
颜色炫酷(3)/
毫无延迟(3)/",0.787893241
10,nan,,,0.787893241
11,https://item.jd.com/19149141140.html,98%,"音质清晰(277)/
十分舒服(209)/
佩戴舒适(153)/
十分好用(148)/
简单方便(130)/
毫无杂音(130)/
极其好用(103)/
声音清晰(100)/
做工精细(77)/
毫无延迟(14)/
毫无卡顿(8)/
颜色纯正(6)/",0.789900668
12,https://item.jd.com/10053207693692.html,99%,"十分舒服(1636)/
佩戴舒适(1332)/
音质清晰(1242)/
毫无杂音(1168)/
做工精细(876)/
简单方便(613)/
十分好用(613)/
音质俱佳(403)/
反应灵敏(339)/
极其好用(311)/
毫无延迟(244)/
灵敏度强(138)/",0.791694035
13,https://item.jd.com/10062639347012.html,95%,"佩戴舒适(22)/
音质清晰(19)/
十分舒服(19)/
毫无杂音(19)/
做工精细(18)/
简单方便(17)/
声音清晰(10)/
结实耐用(7)/
颜值够高(6)/
连接稳定(2)/
不会断续(2)/
连接迅速(2)/",0.776166963
14,https://item.jd.com/2089912.html,96%,"十分舒服(106)/
佩戴舒适(78)/
做工精细(45)/
音质清晰(39)/
十分好用(33)/
简单方便(30)/
极其好用(28)/
音质俱佳(26)/
声音清晰(26)/
毫无延迟(3)/
灵敏度强(2)/
毫无色差(1)/",0.776372604
15,https://item.jd.com/10021775957557.html,99%,"十分舒服(1478)/
佩戴舒适(1170)/
音质清晰(1027)/
毫无杂音(931)/
做工精细(927)/
简单方便(807)/
十分好用(624)/
声音清晰(571)/
反应灵敏(321)/
颜值够高(319)/
毫无延迟(302)/
灵敏度强(251)/",0.78284094
16,https://item.jd.com/100007246297.html,94%,"十分舒服(482)/
简单方便(464)/
佩戴舒适(404)/
十分好用(327)/
做工精细(301)/
音质清晰(294)/
极其好用(277)/
颜值够高(211)/
十分漂亮(150)/
连接迅速(53)/
灵敏度强(32)/
毫无延迟(31)/",0.784419452
17,https://item.jd.com/10058104029613.html,98%,"佩戴舒适(107)/
十分舒服(90)/
音质清晰(69)/
简单方便(42)/
做工精细(34)/
耳朵不疼(34)/
毫无漏音(27)/
声音清晰(23)/
十分好用(20)/
连接稳定(2)/
不会自动关机(2)/
颜色不错(1)/",0.779555927
18,https://item.jd.com/10062641649261.html,98%,"佩戴舒适(44)/
音质清晰(29)/
十分舒服(29)/
声音清晰(20)/
毫无杂音(19)/
结实耐用(13)/
简单方便(12)/
做工精细(12)/
不易掉落(11)/
毫无延迟(5)/
连接迅速(5)/
不会断连(4)/",0.780667471
19,https://item.jd.com/100014963969.html,95%,"十分舒服(382)/
佩戴舒适(303)/
颜值够高(135)/
音质清晰(121)/
做工精细(116)/
简单方便(109)/
十分漂亮(83)/
十分好用(66)/
毫无杂音(64)/
蓝牙连接快(23)/
白色好看(19)/
毫无延迟(19)/",0.783643743
20,https://item.jd.com/100006008905.html,97%,"佩戴舒适(915)/
十分舒服(786)/
音质清晰(596)/
做工精细(557)/
毫无杂音(247)/
外观漂亮(195)/
不易夹耳(187)/
声音清晰(187)/
简单方便(89)/
链接顺畅(11)/
反应灵敏(10)/
毫无卡顿(8)/",0.784499023
21,https://item.jd.com/100005809052.html,95%,"十分舒服(127)/
佩戴舒适(100)/
颜值够高(59)/
音质清晰(48)/
声音清晰(46)/
十分好用(43)/
简单方便(39)/
做工精细(29)/
不易夹耳(27)/
白色好看(6)/
颜色好看(4)/
毫无延迟(2)/",0.783560113
22,https://item.jd.com/7124725.html,95%,"十分舒服(64)/
佩戴舒适(46)/
做工精细(24)/
音质清晰(20)/
质感一流(19)/
颜值够高(17)/
十分好用(14)/
极其好用(13)/
声音清晰(11)/
毫无延迟(2)/
颜色好看(1)/
颜色漂亮(1)/",0.781039999
23,https://item.jd.com/10023983700435.html,96%,"十分舒服(1750)/
毫无杂音(1470)/
做工精细(1332)/
十分好用(1096)/
音质清晰(1015)/
佩戴舒适(972)/
简单方便(857)/
反应灵敏(707)/
极其好用(568)/
颜值够高(415)/
毫无延迟(164)/
蓝牙连接快(138)/",0.7851301
24,https://item.jd.com/100026669497.html,93%,"佩戴舒适(9)/
颜值够高(9)/
十分舒服(6)/
做工精细(4)/
音质清晰(3)/
简单方便(3)/
不易掉落(3)/
十分漂亮(2)/
毫无杂音(2)/
毫无延迟(1)/
连接迅速(1)/",0.785371241
25,https://item.jd.com/100018094234.html,92%,"十分舒服(115)/
佩戴舒适(110)/
简单方便(83)/
音质清晰(76)/
做工精细(68)/
十分好用(65)/
极其好用(61)/
音质俱佳(43)/
毫无杂音(42)/
灵敏度强(12)/
连接迅速(10)/
黑色有质感(7)/",0.78142031
26,https://item.jd.com/100023002807.html,96%,"十分舒服(85)/
佩戴舒适(63)/
颜值够高(36)/
做工精细(33)/
音质清晰(31)/
简单方便(23)/
十分漂亮(20)/
毫无杂音(20)/
音质俱佳(13)/
蓝牙连接快(9)/
毫无延迟(6)/
连接稳定(3)/",0.783979319
27,https://item.jd.com/3819956.html,97%,"十分舒服(245)/
佩戴舒适(215)/
做工精细(71)/
音质清晰(70)/
简单方便(68)/
不易夹耳(45)/
十分好用(42)/
音质俱佳(40)/
声音清晰(30)/
毫无延迟(15)/
连接稳定(11)/
蓝牙连接快(9)/",0.785865784
28,https://item.jd.com/100014111846.html,95%,"十分舒服(32)/
佩戴舒适(27)/
音质清晰(14)/
十分好用(12)/
做工精细(8)/
毫无杂音(8)/
质感一流(7)/
音质俱佳(7)/
声音清晰(7)/
灵敏度强(2)/
颜色纯正(1)/
黑色沉稳(1)/",0.780570994
29,https://item.jd.com/10030082192543.html,98%,"十分舒服(92)/
简单方便(90)/
音质清晰(89)/
佩戴舒适(81)/
做工精细(58)/
十分好用(55)/
极其好用(46)/
毫无杂音(45)/
音质俱佳(37)/
灵敏度强(8)/
蓝牙连接快(7)/
连接迅速(7)/",0.777974654
30,https://item.jd.com/100038370704.html,96%,"十分漂亮(4)/
十分舒服(3)/
佩戴舒适(2)/
美感十足(2)/
简单方便(2)/
颜色漂亮(2)/
颜色好看(1)/
小巧便携(1)/
久戴不痛(1)/
做工精细(1)/
戴感舒适(1)/
连接蓝牙快(1)/",0.778245374
31,https://item.jd.com/10055437848402.html,98%,"十分舒服(376)/
佩戴舒适(253)/
音质清晰(225)/
做工精细(123)/
声音清晰(112)/
简单方便(88)/
十分漂亮(77)/
毫无杂音(77)/
颜值够高(70)/
颜色好看(24)/
颜色漂亮(22)/
灵敏度强(22)/",0.777156258
32,https://item.jd.com/100015435299.html,95%,"简单方便(113)/
做工精细(110)/
音质清晰(102)/
十分舒服(99)/
佩戴舒适(80)/
十分好用(63)/
毫无杂音(62)/
颜值够高(49)/
声音清晰(46)/
蓝牙连接快(10)/
灵敏度强(8)/
毫无延迟(6)/",0.775564601
33,https://item.jd.com/100036200024.html,93%,"佩戴舒适(298)/
十分舒服(267)/
简单方便(192)/
做工精细(168)/
音质清晰(146)/
十分好用(100)/
极其好用(94)/
不伤耳朵(94)/
声音清晰(59)/
蓝牙连接快(11)/
颜色纯正(4)/
工艺优良(3)/",0.774240125
34,https://item.jd.com/4041146.html,97%,"十分舒服(193)/
佩戴舒适(174)/
做工精细(57)/
简单方便(50)/
音质清晰(46)/
颜值够高(46)/
十分漂亮(42)/
音质俱佳(35)/
不压耳朵(32)/
蓝牙连接快(11)/
连接稳定(10)/
白色好看(9)/",0.773872398
35,https://item.jd.com/100024212879.html,94%,"十分舒服(317)/
佩戴舒适(298)/
做工精细(226)/
简单方便(208)/
音质清晰(160)/
十分好用(135)/
毫无杂音(108)/
颜值够高(103)/
极其好用(98)/
反应灵敏(53)/
蓝牙连接快(41)/
毫无延迟(40)/",0.776845175
36,https://item.jd.com/100001236620.html,94%,"十分舒服(78)/
佩戴舒适(70)/
做工精细(51)/
音质清晰(37)/
简单方便(34)/
极其好用(27)/
十分好用(22)/
音质俱佳(21)/
毫无杂音(19)/
蓝牙连接快(16)/
灵敏度强(5)/
反应灵敏(3)/",0.77234729
37,https://item.jd.com/100015820013.html,95%,"音质清晰(210)/
佩戴舒适(199)/
十分舒服(170)/
做工精细(144)/
简单方便(114)/
十分好用(96)/
毫无杂音(90)/
结实耐用(84)/
音质俱佳(72)/
反应灵敏(30)/
连接稳定(7)/
颜色纯正(6)/",0.77073704
38,https://item.jd.com/8417106.html,96%,"十分舒服(61)/
音质清晰(42)/
做工精细(39)/
佩戴舒适(37)/
声音清晰(26)/
毫无杂音(25)/
十分好用(21)/
简单方便(18)/
极其好用(16)/
毫无延迟(6)/
颜色纯正(2)/
灵敏度强(2)/",0.76850853
39,https://item.jd.com/100009212474.html,92%,"十分舒服(421)/
佩戴舒适(395)/
简单方便(391)/
做工精细(312)/
音质清晰(275)/
十分好用(254)/
极其好用(235)/
毫无杂音(177)/
颜值够高(137)/
连接迅速(36)/
灵敏度强(30)/
蓝牙连接快(29)/",0.763704614
40,https://item.jd.com/100030539769.html,93%,"十分舒服(20)/
十分好用(18)/
佩戴舒适(15)/
音质俱佳(10)/
简单方便(7)/
音质清晰(7)/
功能强大(5)/
结实耐用(5)/
做工精细(2)/
连接稳定(2)/
毫无色差(2)/
颜色纯正(1)/",0.760218883
41,https://item.jd.com/100022160385.html,94%,"十分舒服(48)/
佩戴舒适(46)/
音质清晰(32)/
做工精细(29)/
简单方便(27)/
毫无杂音(21)/
颜值够高(18)/
十分好用(13)/
外观漂亮(11)/
毫无延迟(7)/
蓝牙连接快(4)/
灵敏度强(2)/",0.759489555
42,https://item.jd.com/10021544167720.html,97%,"十分舒服(34)/
音质清晰(30)/
毫无杂音(27)/
十分好用(21)/
佩戴舒适(16)/
做工精细(12)/
极其好用(12)/
声音清晰(12)/
简单方便(10)/
不会断续(4)/
颜色好看(2)/
黑色耐脏(2)/",0.756661125
43,https://item.jd.com/100011374490.html,95%,"十分舒服(65)/
佩戴舒适(53)/
音质清晰(20)/
十分好用(18)/
做工精细(17)/
声音清晰(17)/
简单方便(16)/
毫无杂音(16)/
不易夹耳(8)/
颜色好看(2)/
颜色不错(2)/
毫无延迟(2)/",0.7567066
44,https://item.jd.com/100033210182.html,95%,"佩戴舒适(31)/
音质清晰(29)/
十分舒服(29)/
做工精细(18)/
声音清晰(14)/
毫无杂音(13)/
极其好用(11)/
耳朵不疼(9)/
简单方便(7)/
白色好看(6)/
毫无延迟(5)/
灵敏度强(5)/",0.756967481
45,https://item.jd.com/1261881.html,95%,"音质清晰(65)/
佩戴舒适(56)/
简单方便(45)/
声音清晰(38)/
十分舒服(38)/
结实耐用(38)/
做工精细(36)/
毫无杂音(35)/
极其好用(28)/
颜色纯正(3)/
毫无色差(2)/
连接稳定(1)/",0.755065274
46,https://item.jd.com/100020112933.html,97%,"音质清晰(1906)/
佩戴舒适(1592)/
十分舒服(1147)/
做工精细(946)/
毫无杂音(789)/
外观漂亮(520)/
声音清晰(367)/
简单方便(345)/
十分漂亮(318)/
反应灵敏(273)/
连接迅速(62)/
连接稳定(55)/",0.758566194
47,https://item.jd.com/100036444750.html,92%,"音质清晰(5)/
佩戴舒适(3)/
十分漂亮(3)/
十分舒服(3)/
颜值够高(3)/
毫无漏音(2)/
做工精细(2)/
质感一流(2)/
毫无杂音(2)/
颜色好看(1)/
颜色不错(1)/
链接迅速(1)/",0.757849332
48,https://item.jd.com/10023265446219.html,95%,"声音清亮(200)/
倍感舒适(79)/
做工一流(34)/
十分大气(31)/
精致美观(20)/
质量上乘(12)/
方便快捷(11)/
毫不刺眼(7)/
灵活敏捷(6)/
运行超快(5)/
效果惊艳(4)/",0.758514688
49,https://item.jd.com/100007908301.html,93%,"佩戴舒适(55)/
十分舒服(47)/
音质清晰(27)/
质感一流(21)/
毫无杂音(19)/
做工精细(18)/
十分好用(12)/
外观漂亮(11)/
极其好用(10)/
应用足够(2)/
自然流畅(1)/
不易误触(1)/",0.756691206
50,https://item.jd.com/100037874760.html,97%,"十分舒服(60)/
佩戴舒适(40)/
音质清晰(39)/
简单方便(30)/
十分好用(28)/
做工精细(22)/
音质俱佳(18)/
极其好用(18)/
使用良好(13)/
白色好看(2)/
毫无卡顿(2)/
毫无迟(1)/",0.75806306
51,https://item.jd.com/100027255539.html,96%,"音质清晰(78)/
佩戴舒适(59)/
十分舒服(48)/
毫无杂音(41)/
声音清晰(33)/
做工精细(25)/
外观漂亮(21)/
简单方便(15)/
十分漂亮(8)/
反应灵敏(7)/
灵敏度强(3)/
毫无延迟(2)/",0.757338672
52,https://item.jd.com/100002466875.html,94%,"佩戴舒适(254)/
十分舒服(227)/
简单方便(212)/
做工精细(136)/
音质清晰(125)/
十分好用(115)/
极其好用(78)/
音质俱佳(72)/
结实耐用(72)/
连接稳定(20)/
蓝牙连接快(16)/
信号稳定(6)/",0.756252094
53,https://item.jd.com/100038370712.html,93%,"十分舒服(66)/
佩戴舒适(44)/
简单方便(30)/
音质清晰(24)/
做工精细(19)/
毫无杂音(12)/
不易掉落(12)/
十分好用(11)/
十分漂亮(11)/
毫无延迟(4)/
毫无卡顿(3)/
连接迅速(3)/",0.756568919
54,https://item.jd.com/100009212476.html,91%,"十分舒服(117)/
佩戴舒适(97)/
简单方便(78)/
做工精细(77)/
音质清晰(68)/
十分好用(56)/
极其好用(56)/
颜值够高(46)/
毫无杂音(44)/
灵敏度强(13)/
连接稳定(12)/
蓝牙连接快(8)/",0.756573167
55,https://item.jd.com/100026669501.html,94%,"十分舒服(33)/
颜值够高(33)/
佩戴舒适(20)/
简单方便(16)/
十分好看(15)/
音质清晰(12)/
做工精细(11)/
十分漂亮(11)/
音质俱佳(7)/
灵敏度强(4)/
不易误触(2)/
反应灵敏(2)/",0.756626409
56,https://item.jd.com/100019099322.html,98%,"音质清晰(208)/
毫无杂音(167)/
质感一流(159)/
十分漂亮(155)/
做工精细(146)/
十分舒服(144)/
佩戴舒适(140)/
十分好用(127)/
声音清晰(88)/
颜色好看(66)/
运行飞快(48)/
颜色漂亮(35)/",0.755777449
